"","word","freq"
"ukraine","ukraine",169
"impeachment","impeachment",153
"trump","trump",134
"whistleblower","whistleblower",133
"aid","aid",42
"get","get",34
"gop","gop",33
"realdonaldtrump","realdonaldtrump",32
"another","another",30
"schiff","schiff",29
"president","president",28
"trumps","trumps",28
"senator","senator",27
"complaint","complaint",26
"breaks","breaks",25
"attempt","attempt",25
"defend","defend",24
"house","house",24
"news","news",23
"possibility","possibility",23
"trump<U+0092>s","trump<U+0092>s",23
"aspects","aspects",22
"learn","learn",22
"raise","raise",22
"able","able",21
"moscow","moscow",21
"report","report",19
"latest","latest",19
"via","via",19
"caught","caught",19
"revelations","revelations",19
"trial","trial",19
"afghanistan","afghanistan",18
"senate","senate",18
"republicans","republicans",17
"amp","amp",17
"pelosi","pelosi",17
"navy","navy",16
"secretary","secretary",16
"week","week",16
"released","released",16
"reuters","reuters",15
"field","field",15
"grows","grows",15
"battle","battle",15
"call","call",14
"says","says",14
"military","military",14
"hes","hes",14
"httpstcoxjoosgvhuc","httpstcoxjoosgvhuc",13
"office","office",13
"repadamschiff","repadamschiff",13
"whistleblowers","whistleblowers",12
"like","like",12
"just","just",12
"vote","vote",12
"knew","knew",12
"contact","contact",12
"war","war",12
"asked","asked",11
"scandal","scandal",11
"law","law",11
"inquiry","inquiry",11
"committee","committee",11
"intel","intel",11
"civil","civil",11
"threatens","threatens",11
"time","time",10
"ukrain<U+0085>","ukrain<U+0085>",10
"suddenly","suddenly",10
"removed","removed",10
"democrats","democrats",9
"give","give",9
"said","said",9
"briefed","briefed",9
"think","think",8
"name","name",8
"public","public",8
"told","told",8
"according","according",8
"explain","explain",8
"sought","sought",8
"watchdog","watchdog",8
"evidence","evidence",7
"lashed","lashed",7
"reporter","reporter",7
"ukrainian","ukrainian",7
"wanted","wanted",7
"nbcnews","nbcnews",7
"investigation","investigation",7
"dems","dems",7
"biden","biden",7
"didnt","didnt",7
"fake","fake",7
"work","work",7
"staff","staff",7
"celebrated","celebrated",7
"new","new",7
"hold","hold",7
"unlikly","unlikly",7
"nyt","nyt",7
"adam","adam",6
"going","going",6
"talking","talking",6
"today","today",6
"johnson","johnson",6
"ron","ron",6
"can","can",6
"first","first",6
"coup","coup",6
"know","know",6
"hoax","hoax",6
"hired","hired",6
"white","white",6
"aware","aware",6
"httpstcopenfzxq","httpstcopenfzxq",6
"releasing","releasing",6
"ukraine<U+0085>","ukraine<U+0085>",5
"right","right",5
"witnesses","witnesses",5
"christine","christine",5
"sen","sen",5
"giuliani","giuliani",5
"russia","russia",5
"ask","ask",5
"thats","thats",5
"adamschiff","adamschiff",5
"opportunity","opportunity",5
"times","times",5
"pro","pro",5
"quid","quid",5
"cia","cia",5
"since","since",5
"see","see",5
"one","one",5
"rule","rule",5
"nunes","nunes",5
"ready","ready",5
"based","based",5
"dealings","dealings",5
"atjeffmason","atjeffmason",4
"volodymyr","volodymyr",4
"zel<U+0085>","zel<U+0085>",4
"now","now",4
"release","release",4
"cnn","cnn",4
"dont","dont",4
"still","still",4
"hearing","hearing",4
"fbi","fbi",4
"shifty","shifty",4
"trying","trying",4
"real","real",4
"transcript","transcript",4
"phone","phone",4
"bl<U+0085>","bl<U+0085>",4
"msnbc","msnbc",4
"watch","watch",4
"congress","congress",4
"reason","reason",4
"day","day",4
"even","even",4
"also","also",4
"met","met",4
"quo","quo",4
"story","story",4
"trumpukraine","trumpukraine",4
"speakerpelosi","speakerpelosi",4
"collusion","collusion",4
"russian","russian",4
"extortion","extortion",4
"colleague","colleague",4
"anonymous","anonymous",4
"uk<U+0085>","uk<U+0085>",4
"truth","truth",4
"make","make",4
"gopleader","gopleader",4
"sounds","sounds",4
"ciaramella","ciaramella",4
"eric","eric",4
"countdown","countdown",4
"back","back",4
"never","never",4
"corruption","corruption",3
"needs","needs",3
"media","media",3
"testify","testify",3
"possibly","possibly",3
"dossier","dossier",3
"illegal","illegal",3
"insurance","insurance",3
"hearings","hearings",3
"seems","seems",3
"jeffmason","jeffmason",3
"preside<U+0085>","preside<U+0085>",3
"called","called",3
"months","months",3
"revealed","revealed",3
"withheld","withheld",3
"defense","defense",3
"committed","committed",3
"crimes","crimes",3
"use","use",3
"found","found",3
"perfect","perfect",3
"witness","witness",3
"need","need",3
"cnnpolitics","cnnpolitics",3
"put","put",3
"must","must",3
"goes","goes",3
"process","process",3
"york","york",3
"realsaavedra","realsaavedra",3
"reportedly","reportedly",3
"foreign","foreign",3
"imp<U+0085>","imp<U+0085>",3
"yet","yet",3
"obstruction","obstruction",3
"impeachme<U+0085>","impeachme<U+0085>",3
"co<U+0085>","co<U+0085>",3
"rudy","rudy",3
"whose","whose",3
"th<U+0085>","th<U+0085>",3
"entire","entire",3
"two","two",3
"case","case",3
"people","people",3
"devinnunes","devinnunes",3
"potus","potus",3
"sham","sham",3
"cares","cares",3
"kingtrump","kingtrump",3
"tweet","tweet",3
"devin","devin",3
"mueller","mueller",3
"former","former",3
"election","election",3
"failed","failed",3
"weeks","weeks",3
"breaking","breaking",3
"alleged","alleged",3
"allow","allow",3
"americans","americans",3
"corrupt","corrupt",3
"impeachment<U+0085>","impeachment<U+0085>",3
"remember","remember",3
"pressure","pressure",3
"lot","lot",3
"deep","deep",3
"state","state",3
"intelligence","intelligence",3
"calling","calling",3
"live","live",3
"roundtable","roundtable",3
"beyond","beyond",3
"imagined","imagined",3
"quote","quote",3
"repeated","repeated",3
"repugnant","repugnant",3
"donald","donald",3
"pres","pres",2
"george","george",2
"schiffs","schiffs",2
"soros","soros",2
"rest","rest",2
"come","come",2
"calls","calls",2
"democrat","democrat",2
"setting","setting",2
"hunter","hunter",2
"rep","rep",2
"anticorruption","anticorruption",2
"fisa","fisa",2
"policy","policy",2
"schiff<U+0092>s","schiff<U+0092>s",2
"<U+0091>whistleblower<U+0092>","<U+0091>whistleblower<U+0092>",2
"comet","comet",2
"holding","holding",2
"overheard","overheard",2
"rudolph","rudolph",2
"believe","believe",2
"brookebcnn","brookebcnn",2
"impeached","impeached",2
"sure","sure",2
"gave","gave",2
"gohmert","gohmert",2
"great","great",2
"greggjarrett","greggjarrett",2
"gatewaypundit","gatewaypundit",2
"youtube","youtube",2
"lying","lying",2
"senronjohnson","senronjohnson",2
"records","records",2
"get<U+0085>","get<U+0085>",2
"ago","ago",2
"something","something",2
"dirt","dirt",2
"biden<U+0092>s","biden<U+0092>s",2
"took","took",2
"stand","stand",2
"actions","actions",2
"funds","funds",2
"revelation","revelation",2
"lindseygrahamsc","lindseygrahamsc",2
"members","members",2
"plan","plan",2
"dismissed","dismissed",2
"republican","republican",2
"threats","threats",2
"isnt","isnt",2
"articles","articles",2
"best","best",2
"facts","facts",2
"timeline","timeline",2
"wa<U+0085>","wa<U+0085>",2
"lie","lie",2
"move","move",2
"specifically","specifically",2
"original","original",2
"among","among",2
"become","become",2
"urealdonaldtrumpu","urealdonaldtrumpu",2
"urepadamschiffu","urepadamschiffu",2
"voted","voted",2
"none","none",2
"company","company",2
"court","court",2
"federal","federal",2
"beginning","beginning",2
"qpq","qpq",2
"whats","whats",2
"bribery","bribery",2
"man","man",2
"degree","degree",2
"complaint<U+0085>","complaint<U+0085>",2
"moment","moment",2
"nancy","nancy",2
"conspired","conspired",2
"nothing","nothing",2
"speaker","speaker",2
"heard","heard",2
"constitutional","constitutional",2
"copycat","copycat",2
"crisis","crisis",2
"democraticmsm","democraticmsm",2
"racist","racist",2
"sayings","sayings",2
"let","let",2
"affair","affair",2
"already","already",2
"im<U+0085>","im<U+0085>",2
"sparked","sparked",2
"difference","difference",2
"whitehouse","whitehouse",2
"repjerrynadler","repjerrynadler",2
"power","power",2
"wo<U+0085>","wo<U+0085>",2
"much","much",2
"whistl<U+0085>","whistl<U+0085>",2
"basically","basically",2
"july","july",2
"liar","liar",2
"nsc","nsc",2
"america","america",2
"paying","paying",2
"cant","cant",2
"feldman","feldman",2
"wasnt","wasnt",2
"byronyork","byronyork",2
"political","political",2
"last","last",2
"louie","louie",2
"group","group",2
"officials","officials",2
"barr","barr",2
"bill","bill",2
"basis","basis",2
"high","high",2
"impeachable","impeachable",2
"fine","fine",2
"fbr<U+0085>","fbr<U+0085>",2
"democrats<U+0092>","democrats<U+0092>",2
"second","second",2
"hits","hits",2
"reported","reported",2
"questions","questions",2
"serious","serious",2
"show","show",2
"guilty","guilty",2
"launched","launched",2
"wait","wait",2
"communications","communications",2
"pr<U+0085>","pr<U+0085>",2
"sondland","sondland",2
"bring","bring",2
"arrested","arrested",2
"decided","decided",2
"staffer","staffer",2
"cbs","cbs",2
"documents","documents",2
"ne<U+0085>","ne<U+0085>",2
"impe<U+0085>","impe<U+0085>",2
"jumped","jumped",2
"polls","polls",2
"bu<U+0085>","bu<U+0085>",2
"times<U+0085>","times<U+0085>",2
"threaten","threaten",2
"aboard","aboard",2
"train","train",2
"documents<U+0085>","documents<U+0085>",2
"listen","listen",2
"soon","soon",2
"lies","lies",2
"overwhelming","overwhelming",2
"pretty","pretty",2
"obama","obama",2
"pelisi","pelisi",2
"stop","stop",2
"supported","supported",2
"accused","accused",2
"misconduct","misconduct",2
"sexual","sexual",2
"crime","crime",2
"seeing","seeing",2
"ufufuf","ufufuf",2
"take","take",2
"<U+0092>re","<U+0092>re",2
"publicly","publicly",2
"accounts","accounts",2
"stronger","stronger",2
"briefing","briefing",2
"welp","welp",2
"citing","citing",2
"disclose","disclose",2
"enters","enters",2
"initially","initially",2
"phase","phase",2
"proced<U+0085>","proced<U+0085>",2
"wschiff","wschiff",2
"<U+0093>guidance","<U+0093>guidance",2
"wants","wants",2
"politics","politics",2
"whole","whole",2
"yep","yep",2
"markszaidesq","markszaidesq",2
"senjohnkennedy","senjohnkennedy",2
"likely","likely",2
"thing","thing",2
"wasn<U+0092>t","wasn<U+0092>t",2
"collins","collins",2
"learned","learned",2
"officia<U+0085>","officia<U+0085>",2
"expose","expose",2
"repleezeldin","repleezeldin",2
"atkinson","atkinson",2
"michael","michael",2
"wrong","wrong",2
"thinking","thinking",2
"cult","cult",2
"leaker","leaker",2
"connected","connected",2
"cdruzianich","cdruzianich",2
"kellysullivan","kellysullivan",2
"claims","claims",2
"mad","mad",2
"arent","arent",2
"democratic","democratic",2
"iowas","iowas",2
"representatives","representatives",2
"hookjan","hookjan",2
"kimberlyeatkins","kimberlyeatkins",2
"light","light",2
"thanksgiving","thanksgiving",2
"httpstcolvplqmab","httpstcolvplqmab",2
"ucf","ucf",2
"exonerates","exonerates",1
"httpstcotqagejppm","httpstcotqagejppm",1
"hungarian","hungarian",1
"prime","prime",1
"thehill","thehill",1
"warned","warned",1
"httpstcoldtwdztzf","httpstcoldtwdztzf",1
"putin","putin",1
"ranks","ranks",1
"repub","repub",1
"httpstcoyewknfvr","httpstcoyewknfvr",1
"adamschiff<U+0085>","adamschiff<U+0085>",1
"behind","behind",1
"httpstcosoqiczm","httpstcosoqiczm",1
"httpstcowrhjewubq","httpstcowrhjewubq",1
"httpstcolwgnnito","httpstcolwgnnito",1
"ganganother","ganganother",1
"httpstcoltvuipych","httpstcoltvuipych",1
"nice","nice",1
"httpstcovfnksli","httpstcovfnksli",1
"httpstcoglvjtaex","httpstcoglvjtaex",1
"clean","clean",1
"data","data",1
"httpstcoadigqbfvvo","httpstcoadigqbfvvo",1
"pence","pence",1
"related<U+0085>","related<U+0085>",1
"centrist","centrist",1
"changed","changed",1
"httpstcowfinxzlby","httpstcowfinxzlby",1
"incorrect","incorrect",1
"minds","minds",1
"resisted","resisted",1
"stephengallosc","stephengallosc",1
"httpstcocjzfht","httpstcocjzfht",1
"dumbass","dumbass",1
"httpstconnihdzud","httpstconnihdzud",1
"base","base",1
"epic<U+0085>","epic<U+0085>",1
"httpstcodkcvfawei","httpstcodkcvfawei",1
"realize","realize",1
"theyve","theyve",1
"defend<U+0085>","defend<U+0085>",1
"httpstcoqyhapmba","httpstcoqyhapmba",1
"ggld","ggld",1
"httpstcobkxgtuxir","httpstcobkxgtuxir",1
"httpstcoioveixspwg","httpstcoioveixspwg",1
"mission","mission",1
"repbrianfitz","repbrianfitz",1
"went","went",1
"didn<U+0085>","didn<U+0085>",1
"hillary","hillary",1
"httpstcozmqhikf","httpstcozmqhikf",1
"wiretapping","wiretapping",1
"httpstconxfbtxo","httpstconxfbtxo",1
"httpstcoonskbgdg","httpstcoonskbgdg",1
"bucksexton","bucksexton",1
"httpstcobyflkuhckc","httpstcobyflkuhckc",1
"isn<U+0092>t","isn<U+0092>t",1
"manguz","manguz",1
"needed","needed",1
"working","working",1
"clause","clause",1
"donnor","donnor",1
"httpstcoeslvbalteb","httpstcoeslvbalteb",1
"sp<U+0085>","sp<U+0085>",1
"vixen","vixen",1
"billclinton","billclinton",1
"border","border",1
"copy","copy",1
"eco<U+0085>","eco<U+0085>",1
"httpstcoujkqjyv","httpstcoujkqjyv",1
"httpstcowzejtehvl","httpstcowzejtehvl",1
"httpstcogjqpiiscs","httpstcogjqpiiscs",1
"connections","connections",1
"httpstcoibohcgvg","httpstcoibohcgvg",1
"liste<U+0085>","liste<U+0085>",1
"outlining","outlining",1
"speech","speech",1
"staffwhistleblower","staffwhistleblower",1
"worth","worth",1
"httpstcoarqchuuot","httpstcoarqchuuot",1
"httpstcoksgqspk","httpstcoksgqspk",1
"livepddave","livepddave",1
"sreetdog","sreetdog",1
"takes","takes",1
"httpstcolhpyqevosr","httpstcolhpyqevosr",1
"httpstcoappwjrcpga","httpstcoappwjrcpga",1
"httpstconymmbcq","httpstconymmbcq",1
"cong<U+0085>","cong<U+0085>",1
"counteroffer","counteroffer",1
"dreams","dreams",1
"httpstcoqbgumeczts","httpstcoqbgumeczts",1
"httpstcousjmrpa","httpstcousjmrpa",1
"puncture","puncture",1
"httpstcopivpgjlao","httpstcopivpgjlao",1
"httpstcosnuipvtgxo","httpstcosnuipvtgxo",1
"httpstcowfoblhp","httpstcowfoblhp",1
"httpstcosfdpyshfw","httpstcosfdpyshfw",1
"httpstcopngyptnwo","httpstcopngyptnwo",1
"httpstcofgxdsgmt","httpstcofgxdsgmt",1
"ukra<U+0085>","ukra<U+0085>",1
"httpstcohhoculgcn","httpstcohhoculgcn",1
"werent","werent",1
"youd","youd",1
"adds","adds",1
"httpstcodtfvkqxpqp","httpstcodtfvkqxpqp",1
"li<U+0085>","li<U+0085>",1
"httpstcobewydgcn","httpstcobewydgcn",1
"paulsonne","paulsonne",1
"httpstcoukdzmas","httpstcoukdzmas",1
"httpstcobwyyljvqsr","httpstcobwyyljvqsr",1
"info","info",1
"realdonaldtrump<U+0092>s","realdonaldtrump<U+0092>s",1
"httpstcovvufggabz","httpstcovvufggabz",1
"mouth","mouth",1
"sides","sides",1
"speaking","speaking",1
"ablelearn","ablelearn",1
"httpstcoibqovfaiy","httpstcoibqovfaiy",1
"httpstcoxlrfsfyonw","httpstcoxlrfsfyonw",1
"aww","aww",1
"doofus","doofus",1
"httpstcovjycpzezxf","httpstcovjycpzezxf",1
"johncornyn","johncornyn",1
"theres","theres",1
"administration","administration",1
"correct","correct",1
"corroborated","corroborated",1
"everything","everything",1
"gaslighting","gaslighting",1
"httpstcorkegjawrm","httpstcorkegjawrm",1
"myriad","myriad",1
"offici<U+0085>","offici<U+0085>",1
"httpstcouonghqr","httpstcouonghqr",1
"httpstcoixlrmjlges","httpstcoixlrmjlges",1
"necessary","necessary",1
"treachery","treachery",1
"httpstcoekzozyqnfw","httpstcoekzozyqnfw",1
"httpstcoormmzigicf","httpstcoormmzigicf",1
"factcheck","factcheck",1
"funding","funding",1
"httpstcowjecsgiqrc","httpstcowjecsgiqrc",1
"shredding","shredding",1
"youtube<U+0085>","youtube<U+0085>",1
"httpstcodqgfim","httpstcodqgfim",1
"meeting","meeting",1
"mob","mob",1
"<U+0093>fake<U+0094>","<U+0093>fake<U+0094>",1
"cfr","cfr",1
"gainrealdonaldtrump","gainrealdonaldtrump",1
"httpstcomylrjvt","httpstcomylrjvt",1
"private","private",1
"shannonbream","shannonbream",1
"appro<U+0085>","appro<U+0085>",1
"cspanwj","cspanwj",1
"dineshdsouza","dineshdsouza",1
"frickmick","frickmick",1
"httpstcocivmchviu","httpstcocivmchviu",1
"prove","prove",1
"steps","steps",1
"httpstcofxguugebi","httpstcofxguugebi",1
"chuck","chuck",1
"ernst<U+0085>","ernst<U+0085>",1
"grassley","grassley",1
"httpstcorpaaywzls","httpstcorpaaywzls",1
"httpstcosgdijjlri","httpstcosgdijjlri",1
"httpstcovqdaoafmxe","httpstcovqdaoafmxe",1
"httpstcoydldkwfm","httpstcoydldkwfm",1
"covingtonforce","covingtonforce",1
"httpstcoqmjdiflbu","httpstcoqmjdiflbu",1
"humanevents","humanevents",1
"lthomps","lthomps",1
"morning","morning",1
"willchamberlain","willchamberlain",1
"allegation<U+0085>","allegation<U+0085>",1
"confirmed","confirmed",1
"httpstcoizemxir","httpstcoizemxir",1
"lucky","lucky",1
"thanks","thanks",1
"usaukraine","usaukraine",1
"extort<U+0085>","extort<U+0085>",1
"httpstcomsaikxbig","httpstcomsaikxbig",1
"httpstcoxyqpxrrut","httpstcoxyqpxrrut",1
"intimidation","intimidation",1
"irrelevant","irrelevant",1
"tactics","tactics",1
"tampering","tampering",1
"uck","uck",1
"word<U+0085>","word<U+0085>",1
"cellphones","cellphones",1
"communicated","communicated",1
"fore<U+0085>","fore<U+0085>",1
"httpstcoqgwwuisqk","httpstcoqgwwuisqk",1
"monitoring","monitoring",1
"others","others",1
"routinely","routinely",1
"vulnerable","vulnerable",1
"app<U+0085>","app<U+0085>",1
"forget","forget",1
"httpstcodzuvdgae","httpstcodzuvdgae",1
"informed","informed",1
"let<U+0092>s","let<U+0092>s",1
"anythin<U+0085>","anythin<U+0085>",1
"exactly","exactly",1
"httpstcolaknpqwq","httpstcolaknpqwq",1
"invalidate","invalidate",1
"httpstcomypgnii","httpstcomypgnii",1
"raises","raises",1
"httpstcolzjwv","httpstcolzjwv",1
"also<U+0085>","also<U+0085>",1
"coordinated","coordinated",1
"httpstcosrcrygqpt","httpstcosrcrygqpt",1
"wwhistleblower","wwhistleblower",1
"electionnot","electionnot",1
"httpstcoeatxqmub","httpstcoeatxqmub",1
"place","place",1
"polic<U+0085>","polic<U+0085>",1
"whatimpeachment","whatimpeachment",1
"httpstcocbjyejtohl","httpstcocbjyejtohl",1
"httpstcolzchfqv","httpstcolzchfqv",1
"httpstcoosjufgyz","httpstcoosjufgyz",1
"httpstcoxpiddlsjzm","httpstcoxpiddlsjzm",1
"httpstcoyqxbmnxpe","httpstcoyqxbmnxpe",1
"httpstcobhvrbcr","httpstcobhvrbcr",1
"httpstcowlncupk","httpstcowlncupk",1
"bla<U+0085>","bla<U+0085>",1
"httpstcoonlegx","httpstcoonlegx",1
"httpstcocssolqypl","httpstcocssolqypl",1
"saying","saying",1
"abou<U+0085>","abou<U+0085>",1
"coupimpeachment","coupimpeachment",1
"httpstcoxqropxetij","httpstcoxqropxetij",1
"pfcbook","pfcbook",1
"readucufef","readucufef",1
"thread","thread",1
"httpstcoxpkyhrcfm","httpstcoxpkyhrcfm",1
"joy","joy",1
"made","made",1
"powers","powers",1
"publ<U+0085>","publ<U+0085>",1
"wuwmlakeeffect","wuwmlakeeffect",1
"httpstcoxnmevvfw","httpstcoxnmevvfw",1
"httpstcotbcsvkute","httpstcotbcsvkute",1
"face","face",1
"httpstcowhwisyu","httpstcowhwisyu",1
"lets","lets",1
"names<U+0085>","names<U+0085>",1
"httpstcocrwurzum","httpstcocrwurzum",1
"asking","asking",1
"drop","drop",1
"httpstcotqqjtch","httpstcotqqjtch",1
"nobodys","nobodys",1
"httpstcowtnvsoc","httpstcowtnvsoc",1
"ernst","ernst",1
"httpstcouupllq","httpstcouupllq",1
"stupid","stupid",1
"wow","wow",1
"addition","addition",1
"alexmjordan","alexmjordan",1
"funder","funder",1
"httpstcofhjddjfug","httpstcofhjddjfug",1
"lee","lee",1
"linked<U+0085>","linked<U+0085>",1
"veymore","veymore",1
"dave","dave",1
"httpstcohmpvxdmrz","httpstcohmpvxdmrz",1
"jennytinch","jennytinch",1
"joebiden","joebiden",1
"jwilliamkingst","jwilliamkingst",1
"mollynagle","mollynagle",1
"senvivaviro","senvivaviro",1
"shokin","shokin",1
"uhhhhh","uhhhhh",1
"foxnews","foxnews",1
"httpstcocyzdtdbkyg","httpstcocyzdtdbkyg",1
"discuss","discuss",1
"httpstcoxdqaetbkd","httpstcoxdqaetbkd",1
"include","include",1
"lawmaker","lawmaker",1
"meetings","meetings",1
"misuse","misuse",1
"money","money",1
"taxpayer","taxpayer",1
"ukraine<U+0092>","ukraine<U+0092>",1
"<U+0091>ukraine","<U+0091>ukraine",1
"httpstconspqmmt","httpstconspqmmt",1
"httpstcolbexmlnvp","httpstcolbexmlnvp",1
"httpstcopcqjvknz","httpstcopcqjvknz",1
"denied","denied",1
"held","held",1
"httpstcoytzohnwn","httpstcoytzohnwn",1
"expose<U+0085>","expose<U+0085>",1
"httpstcodwrpkzij","httpstcodwrpkzij",1
"johnwhuber","johnwhuber",1
"bettyforsen","bettyforsen",1
"geminilowes","geminilowes",1
"hlg","hlg",1
"httpstcoxivzjfqcs","httpstcoxivzjfqcs",1
"jimjordan","jimjordan",1
"october","october",1
"shari","shari",1
"httpstcodpoubukfy","httpstcodpoubukfy",1
"impeachmentfails<U+0085>","impeachmentfails<U+0085>",1
"prophecy","prophecy",1
"unedited","unedited",1
"version","version",1
"httpstcoqngddpiy","httpstcoqngddpiy",1
"stepping","stepping",1
"women","women",1
"httpstcokmaeozusfa","httpstcokmaeozusfa",1
"httpstcoujbfuygtm","httpstcoujbfuygtm",1
"httpstcogwpjckos","httpstcogwpjckos",1
"andriy","andriy",1
"cigarloving","cigarloving",1
"exdiplo","exdiplo",1
"httpstcohvnvnasn","httpstcohvnvnasn",1
"telizhenko","telizhenko",1
"traveling","traveling",1
"whos","whos",1
"world<U+0092>s","world<U+0092>s",1
"dirty","dirty",1
"httpstcoqydkawqy","httpstcoqydkawqy",1
"speakerpelosiu","speakerpelosiu",1
"uhousedemocratsu","uhousedemocratsu",1
"uuhousegopu","uuhousegopu",1
"changes","changes",1
"chidinwatu","chidinwatu",1
"dantegigas","dantegigas",1
"httpstcoorbnxkgq","httpstcoorbnxkgq",1
"wrongd<U+0085>","wrongd<U+0085>",1
"accuses","accuses",1
"censorship","censorship",1
"deleted","deleted",1
"facebook","facebook",1
"httpstcotubfzgoats","httpstcotubfzgoats",1
"lawsuit","lawsuit",1
"namin<U+0085>","namin<U+0085>",1
"posts","posts",1
"users","users",1
"bullshit","bullshit",1
"countries<U+0085>","countries<U+0085>",1
"flagged","flagged",1
"httpstcooqwvhlwfz","httpstcooqwvhlwfz",1
"jmbwithcats","jmbwithcats",1
"states","states",1
"united","united",1
"httpstcozhoezm","httpstcozhoezm",1
"imbroglio","imbroglio",1
"obvious","obvious",1
"performative<U+0085>","performative<U+0085>",1
"tragically","tragically",1
"turned","turned",1
"d<e9>tat<U+0097>specifically","d<e9>tat<U+0097>specifically",1
"httpstcoefecxkjlv","httpstcoefecxkjlv",1
"mention","mention",1
"overthrow","overthrow",1
"reference","reference",1
"usbacked","usbacked",1
"violent","violent",1
"yanukovych<U+0085>","yanukovych<U+0085>",1
"cert<U+0085>","cert<U+0085>",1
"httpstcosyaawrldnf","httpstcosyaawrldnf",1
"less","less",1
"chadpergram","chadpergram",1
"httpstcoyfeejze","httpstcoyfeejze",1
"pinkieclc","pinkieclc",1
"rea<U+0085>","rea<U+0085>",1
"rumint","rumint",1
"teapartychris","teapartychris",1
"figure","figure",1
"httpstcoywawklpmt","httpstcoywawklpmt",1
"briannawu","briannawu",1
"disagree","disagree",1
"httpstcovisxuktejg","httpstcovisxuktejg",1
"morally","morally",1
"respect","respect",1
"respectfully","respectfully",1
"solid","solid",1
"ha<U+0094>","ha<U+0094>",1
"httpstcoremmtazzl","httpstcoremmtazzl",1
"<U+0093>ah","<U+0093>ah",1
"aha","aha",1
"allegations","allegations",1
"httpstcogoeat","httpstcogoeat",1
"vehicle","vehicle",1
"<U+0093>ukraine","<U+0093>ukraine",1
"abusing<U+0085>","abusing<U+0085>",1
"apparent","apparent",1
"httpstcoxjgtily","httpstcoxjgtily",1
"quite","quite",1
"set","set",1
"trap","trap",1
"focus","focus",1
"httpstcowiudlnyhrz","httpstcowiudlnyhrz",1
"lead","lead",1
"spanned","spanned",1
"whis<U+0085>","whis<U+0085>",1
"building","building",1
"httpstconwygffbvz","httpstconwygffbvz",1
"momentum","momentum",1
"toward","toward",1
"httpstcozpgprxny","httpstcozpgprxny",1
"opportunity<U+0085>","opportunity<U+0085>",1
"adamparkhomenko","adamparkhomenko",1
"httpstcorpqmkowdj","httpstcorpqmkowdj",1
"itll","itll",1
"things<U+0085>","things<U+0085>",1
"zero","zero",1
"announced","announced",1
"drafted","drafted",1
"head<U+0085>","head<U+0085>",1
"httpstcojrabiaro","httpstcojrabiaro",1
"claimed<U+0085>","claimed<U+0085>",1
"except","except",1
"httpstcozwmtfcoj","httpstcozwmtfcoj",1
"nobody","nobody",1
"origin","origin",1
"httpstconksnkbx","httpstconksnkbx",1
"manufactured<U+0085>","manufactured<U+0085>",1
"anyone","anyone",1
"football","football",1
"httpstcojpefguzm","httpstcojpefguzm",1
"outside","outside",1
"wont","wont",1
"covered","covered",1
"esprite","esprite",1
"fmeuwissen","fmeuwissen",1
"httpstcodfmlrocg","httpstcodfmlrocg",1
"involved","involved",1
"llcwalk","llcwalk",1
"<U+0092>ve","<U+0092>ve",1
"funny","funny",1
"httpstcorktmmleev","httpstcorktmmleev",1
"dougwalsh","dougwalsh",1
"httpstcoapbwqtmo","httpstcoapbwqtmo",1
"httpstcodvamtw","httpstcodvamtw",1
"ambassador","ambassador",1
"apartment","apartment",1
"born","born",1
"dead","dead",1
"honcharenko","honcharenko",1
"httpstcoouetzmctxg","httpstcoouetzmctxg",1
"melanie","melanie",1
"speculation","speculation",1
"httpstcodlcugmsyw","httpstcodlcugmsyw",1
"obstruc<U+0085>","obstruc<U+0085>",1
"sandrakm","sandrakm",1
"httpstcoesbniyim","httpstcoesbniyim",1
"abused","abused",1
"httpstconhitelyi","httpstconhitelyi",1
"httpstcowejejsds","httpstcowejejsds",1
"rework","rework",1
"change","change",1
"hide","hide",1
"httpstcolhskfv","httpstcolhskfv",1
"gigisims","gigisims",1
"httpstcoxoxaymaa","httpstcoxoxaymaa",1
"senatemajldr","senatemajldr",1
"tomfitton","tomfitton",1
"httpstcocqvtehfv","httpstcocqvtehfv",1
"million","million",1
"spent","spent",1
"congenital","congenital",1
"httpstcohmqtowd","httpstcohmqtowd",1
"individual","individual",1
"joins","joins",1
"aspen","aspen",1
"dbongino","dbongino",1
"glenn","glenn",1
"httpstconkaihbxqvx","httpstconkaihbxqvx",1
"simpson","simpson",1
"httpstcohxxtfihlcb","httpstcohxxtfihlcb",1
"schiffbrains","schiffbrains",1
"smell<U+0085>","smell<U+0085>",1
"billkristol","billkristol",1
"documentary","documentary",1
"firtash","firtash",1
"httpstcoydwqvrp","httpstcoydwqvrp",1
"might","might",1
"perhaps","perhaps",1
"ukrainia<U+0085>","ukrainia<U+0085>",1
"httpstcoiccqbxaap","httpstcoiccqbxaap",1
"interview","interview",1
"investigat<U+0085>","investigat<U+0085>",1
"touched","touched",1
"dodging","dodging",1
"httpstcorpfpebfcz","httpstcorpfpebfcz",1
"outcome","outcome",1
"subpoenas","subpoenas",1
"thecenteredegg","thecenteredegg",1
"httpstcoqlmbcmcpzf","httpstcoqlmbcmcpzf",1
"resistance<U+0085>","resistance<U+0085>",1
"arcan<U+0085>","arcan<U+0085>",1
"httpstcooucbpi","httpstcooucbpi",1
"lose","lose",1
"stands","stands",1
"strategy","strategy",1
"began","began",1
"complained","complained",1
"httpstcotdryvovltj","httpstcotdryvovltj",1
"september","september",1
"clintons","clintons",1
"compare","compare",1
"httpstcoucsnyvwsq","httpstcoucsnyvwsq",1
"seve<U+0085>","seve<U+0085>",1
"srhenry","srhenry",1
"httpstcoghgcvlges","httpstcoghgcvlges",1
"meedgeknowsbest","meedgeknowsbest",1
"broadly","broadly",1
"httpstcolftacpja","httpstcolftacpja",1
"inaugurat<U+0085>","inaugurat<U+0085>",1
"insichselbst","insichselbst",1
"katiepavlich","katiepavlich",1
"peabodypress","peabodypress",1
"shopping","shopping",1
"arguments","arguments",1
"exchange","exchange",1
"gop<U+0085>","gop<U+0085>",1
"httpstcosowmkvjup","httpstcosowmkvjup",1
"opponent<U+0094>","opponent<U+0094>",1
"<U+0093>trump","<U+0093>trump",1
"boomerangs","boomerangs",1
"httpstcoekzjivjjqo","httpstcoekzjivjjqo",1
"institute","institute",1
"officer","officer",1
"schiller","schiller",1
"webcast","webcast",1
"<U+0093>whistleblower<U+0094>","<U+0093>whistleblower<U+0094>",1
"boxes","boxes",1
"count","count",1
"delivered","delivered",1
"httpstcoqthsjz","httpstcoqthsjz",1
"redherrings","redherrings",1
"relevance","relevance",1
"commentary","commentary",1
"hope","hope",1
"httpstcoljrwtwri","httpstcoljrwtwri",1
"interpretation","interpretation",1
"jonathanturley","jonathanturley",1
"narrow","narrow",1
"watching","watching",1
"abcnews","abcnews",1
"ajenews","ajenews",1
"bbcworld","bbcworld",1
"cbsnews","cbsnews",1
"httpstcoiswlqgcw","httpstcoiswlqgcw",1
"huffpostpol","huffpostpol",1
"newshour","newshour",1
"nprpolitics","nprpolitics",1
"rachelmaddow<U+0085>","rachelmaddow<U+0085>",1
"wsj","wsj",1
"httpstcoxerxeulhzy","httpstcoxerxeulhzy",1
"lawfare","lawfare",1
"lawfare<U+0085>","lawfare<U+0085>",1
"lawyers","lawyers",1
"leak","leak",1
"offers","offers",1
"pay","pay",1
"whistleblower<U+0092>s","whistleblower<U+0092>s",1
"events","events",1
"httpstcoviduzcgi","httpstcoviduzcgi",1
"key","key",1
"updated","updated",1
"directly<U+0085>","directly<U+0085>",1
"friends","friends",1
"httpstcoprcjoksvly","httpstcoprcjoksvly",1
"jonathan","jonathan",1
"turley","turley",1
"accusa<U+0085>","accusa<U+0085>",1
"anitacl","anitacl",1
"cbcnews","cbcnews",1
"httpstcouzzelioyna","httpstcouzzelioyna",1
"josephtwheeler","josephtwheeler",1
"guy","guy",1
"httpstcorxdajt","httpstcorxdajt",1
"judiciary","judiciary",1
"motion","motion",1
"reschenthaler","reschenthaler",1
"rpa","rpa",1
"table","table",1
"cnnbrk","cnnbrk",1
"httpstcoveeauzc","httpstcoveeauzc",1
"regarding","regarding",1
"rise","rise",1
"httpstcokxvikr","httpstcokxvikr",1
"submitted","submitted",1
"dema<U+0085>","dema<U+0085>",1
"gopoversight","gopoversight",1
"httpstcojnxibweo","httpstcojnxibweo",1
"httpstcojxgrcfj","httpstcojxgrcfj",1
"prepared","prepared",1
"ukrainians","ukrainians",1
"httpstcoxibncxta","httpstcoxibncxta",1
"oliviac","oliviac",1
"repjimbanks","repjimbanks",1
"httpstcoekjgjzsx","httpstcoekjgjzsx",1
"always","always",1
"country","country",1
"httpstcoefvdltp","httpstcoefvdltp",1
"party","party",1
"httpstcoyomyhmih","httpstcoyomyhmih",1
"hunt","hunt",1
"operative<U+0085>","operative<U+0085>",1
"witch","witch",1
"boomerangyou","boomerangyou",1
"december","december",1
"folks","folks",1
"httpstcomgxdivwyh","httpstcomgxdivwyh",1
"ruse","ruse",1
"stuff","stuff",1
"august","august",1
"confirm","confirm",1
"httpstcopsqheu","httpstcopsqheu",1
"httpstcozszdluxwjx","httpstcozszdluxwjx",1
"perry","perry",1
"rick","rick",1
"answer","answer",1
"current","current",1
"d<U+0092><e9>tat","d<U+0092><e9>tat",1
"httpstcostqeacqsry","httpstcostqeacqsry",1
"seditious","seditious",1
"form","form",1
"httpstcokggpkkpgl","httpstcokggpkkpgl",1
"article","article",1
"discussed","discussed",1
"discussing","discussing",1
"httpstcojuyafkrzgx","httpstcojuyafkrzgx",1
"implicat<U+0085>","implicat<U+0085>",1
"kerrypicket","kerrypicket",1
"marklevinshow","marklevinshow",1
"ufahugeufa","ufahugeufa",1
"yesterdays","yesterdays",1
"allow<U+0085>","allow<U+0085>",1
"angle","angle",1
"httpstcouabkmhei","httpstcouabkmhei",1
"maddow","maddow",1
"missing","missing",1
"nicolledwallace","nicolledwallace",1
"httpstcolrrlqkd","httpstcolrrlqkd",1
"conversations","conversations",1
"find","find",1
"httpstcojtaxaxgop","httpstcojtaxaxgop",1
"jackposobiec","jackposobiec",1
"logs","logs",1
"till","till",1
"tonight","tonight",1
"httpstcozrorywsyl","httpstcozrorywsyl",1
"follyperry","follyperry",1
"httpstcoskkczwvzj","httpstcoskkczwvzj",1
"named","named",1
"originally","originally",1
"perrys","perrys",1
"ari","ari",1
"arimelber","arimelber",1
"btw","btw",1
"charges","charges",1
"conver<U+0085>","conver<U+0085>",1
"entered","entered",1
"haven<U+0092>t","haven<U+0092>t",1
"httpstcoodhbhimbvf","httpstcoodhbhimbvf",1
"admitted","admitted",1
"gopathyp","gopathyp",1
"httpstcoogpttdjv","httpstcoogpttdjv",1
"jennm","jennm",1
"quo<U+0085>","quo<U+0085>",1
"watched","watched",1
"elections","elections",1
"httpstcoeriddwpei","httpstcoeriddwpei",1
"meddling","meddling",1
"patriots","patriots",1
"schi<U+0085>","schi<U+0085>",1
"aide","aide",1
"council","council",1
"httpstcoyxwfespie","httpstcoyxwfespie",1
"ntl","ntl",1
"sec","sec",1
"walleged","walleged",1
"worked","worked",1
"briber<U+0085>","briber<U+0085>",1
"httpstcoovcbbl","httpstcoovcbbl",1
"meddled","meddled",1
"offenses","offenses",1
"brianbeutler","brianbeutler",1
"dropped<U+0085>","dropped<U+0085>",1
"httpstconyvfmhuvi","httpstconyvfmhuvi",1
"keep","keep",1
"making","making",1
"pointing","pointing",1
"post","post",1
"probably","probably",1
"admin","admin",1
"bolton","bolton",1
"httpstcocbwgqhe","httpstcocbwgqhe",1
"midaugust","midaugust",1
"midsept<U+0085>","midsept<U+0085>",1
"hima","hima",1
"httpstcoxwnqlqz","httpstcoxwnqlqz",1
"jeffreyepstein","jeffreyepstein",1
"kill","kill",1
"mid","mid",1
"brandonstraka","brandonstraka",1
"httpstcotjiydthm","httpstcotjiydthm",1
"marcykid","marcykid",1
"supposedly","supposedly",1
"wh<U+0085>","wh<U+0085>",1
"days","days",1
"eager","eager",1
"flew","flew",1
"httpstcorihsxfdui","httpstcorihsxfdui",1
"icymi","icymi",1
"permanent","permanent",1
"select","select",1
"thomas","thomas",1
"httpstcozceubmoz","httpstcozceubmoz",1
"acc<U+0085>","acc<U+0085>",1
"continually","continually",1
"httpstcohhhizmibc","httpstcohhhizmibc",1
"immediately","immediately",1
"resign","resign",1
"silent","silent",1
"stayed","stayed",1
"httpstcozffzdluqnz","httpstcozffzdluqnz",1
"stakes","stakes",1
"subpoenaed","subpoenaed",1
"takeaways","takeaways",1
"httpstcotcfmqhgkhf","httpstcotcfmqhgkhf",1
"httpstcobekbasxtt","httpstcobekbasxtt",1
"break","break",1
"giulia<U+0085>","giulia<U+0085>",1
"httpstcokbfnqqax","httpstcokbfnqqax",1
"laws","laws",1
"record","record",1
"straight","straight",1
"sunny","sunny",1
"httpstcoevslffyj","httpstcoevslffyj",1
"meanwhile","meanwhile",1
"nunez","nunez",1
"nu<U+0085>","nu<U+0085>",1
"questioned","questioned",1
"whether","whether",1
"adamdid","adamdid",1
"hear","hear",1
"httpstcoiknjhnujj","httpstcoiknjhnujj",1
"missed","missed",1
"mustve","mustve",1
"pressureno","pressureno",1
"sayno","sayno",1
"contact<U+0085>","contact<U+0085>",1
"httpstcobsoazogak","httpstcobsoazogak",1
"lied","lied",1
"muellers","muellers",1
"proven","proven",1
"repeatedly","repeatedly",1
"schifty","schifty",1
"staffs","staffs",1
"httpstcoylghhhgr","httpstcoylghhhgr",1
"mentions","mentions",1
"obstructionofjustice","obstructionofjustice",1
"rudygiuliani","rudygiuliani",1
"extort","extort",1
"httpstconydqwygf","httpstconydqwygf",1
"repmattgaetz","repmattgaetz",1
"smear","smear",1
"httpstcokjzargyw","httpstcokjzargyw",1
"band","band",1
"death","death",1
"don<U+0092>t","don<U+0092>t",1
"httpstcozpovxjs","httpstcozpovxjs",1
"nocontextfox","nocontextfox",1
"parody","parody",1
"describing","describing",1
"ends","ends",1
"httpstconmdewlzmy","httpstconmdewlzmy",1
"meanwhile<U+0085>","meanwhile<U+0085>",1
"actually","actually",1
"happen","happen",1
"httpstcoenszrqiir","httpstcoenszrqiir",1
"mzhemingway","mzhemingway",1
"httpstcowpibvjgloy","httpstcowpibvjgloy",1
"httpstcoyqsniowf","httpstcoyqsniowf",1
"httpstcozuxrtucjlz","httpstcozuxrtucjlz",1
"anybody","anybody",1
"httpstcocvvvdubac","httpstcocvvvdubac",1
"lovemyrays","lovemyrays",1
"walshfreedom","walshfreedom",1
"httpstcoucqlnvwk","httpstcoucqlnvwk",1
"httpstcoftvniqs","httpstcoftvniqs",1
"leaves","leaves",1
"lizwheeler","lizwheeler",1
"continue","continue",1
"httpstcopxsfzyizr","httpstcopxsfzyizr",1
"httpstcoshggwvpzhz","httpstcoshggwvpzhz",1
"httpstcoxjooshcsma","httpstcoxjooshcsma",1
"httpstcohxrwynnk","httpstcohxrwynnk",1
"myjourneymyself","myjourneymyself",1
"secretstranger","secretstranger",1
"derameth","derameth",1
"eckag","eckag",1
"etheelephant","etheelephant",1
"frozenflash","frozenflash",1
"goonerjdc<U+0085>","goonerjdc<U+0085>",1
"httpstcofggwgmsmzd","httpstcofggwgmsmzd",1
"rainbadass","rainbadass",1
"sharong","sharong",1
"texlatina","texlatina",1
"themazedog","themazedog",1
"blozikjohn","blozikjohn",1
"httpstcosezwgyt","httpstcosezwgyt",1
"missilmom","missilmom",1
"yeah","yeah",1
"httpstcotlnmqbxoi","httpstcotlnmqbxoi",1
"schiffcharade<U+0085>","schiffcharade<U+0085>",1
"associate","associate",1
"create","create",1
"draft","draft",1
"httpstcojsbvuxemu","httpstcojsbvuxemu",1
"try","try",1
"httpstcovmhurlm","httpstcovmhurlm",1
"httpstcokeqsfktna","httpstcokeqsfktna",1
"httpstcofruksix","httpstcofruksix",1
"httpstcoupngwwmxf","httpstcoupngwwmxf",1
"httpstcolmskjcycrz","httpstcolmskjcycrz",1
"httpstcobnypahbn","httpstcobnypahbn",1
"httpstcoompeovy","httpstcoompeovy",1
"impeachmentinwords<U+0085>","impeachmentinwords<U+0085>",1
"httpstcoyucglzlkf","httpstcoyucglzlkf",1
"doomed","doomed",1
"fail","fail",1
"httpstcokdudsjn","httpstcokdudsjn",1
"testimony<U+0085>","testimony<U+0085>",1
"doesn<U+0092>t","doesn<U+0092>t",1
"spygate","spygate",1
"teapainusa","teapainusa",1
"gang","gang",1
"httpstcojuhhqc","httpstcojuhhqc",1
"neonazi","neonazi",1
"part","part",1
"paulsperry","paulsperry",1
"traitors","traitors",1
"willfully","willfully",1
"httpstcofcnronhmrh","httpstcofcnronhmrh",1
"httpstcodzneuzjz","httpstcodzneuzjz",1
"httpstcozrleqfah","httpstcozrleqfah",1
"demented","demented",1
"guess","guess",1
"httpstcopianuqbpwv","httpstcopianuqbpwv",1
"lrihendry","lrihendry",1
"mind","mind",1
"women<U+0085>","women<U+0085>",1
"httpstcotrcjosifs","httpstcotrcjosifs",1
"ukr<U+0085>","ukr<U+0085>",1
"boom","boom",1
"democrat<U+0085>","democrat<U+0085>",1
"httpstcoebruanfa","httpstcoebruanfa",1
"supremecourt","supremecourt",1
"unconstitutional","unconstitutional",1
"httpstcolaamvclyiq","httpstcolaamvclyiq",1
"letter","letter",1
"minister","minister",1
"newscorpse","newscorpse",1
"qpq<U+0085>","qpq<U+0085>",1
"signed","signed",1
"written","written",1
"couldnt","couldnt",1
"guys","guys",1
"httpstcosybczieayv","httpstcosybczieayv",1
"senschumer","senschumer",1
"democratwhistleblow<U+0085>","democratwhistleblow<U+0085>",1
"extent","extent",1
"httpstcoopkafqg","httpstcoopkafqg",1
"posed","posed",1
"three","three",1
"ever","ever",1
"httpstcofrysnbdqc","httpstcofrysnbdqc",1
"identity","identity",1
"maga","maga",1
"true","true",1
"genius","genius",1
"hey","hey",1
"httpstcoafimdyrl","httpstcoafimdyrl",1
"multiple","multiple",1
"gskunkler","gskunkler",1
"httpstcoiywhi","httpstcoiywhi",1
"httpstcouyvcknwrd","httpstcouyvcknwrd",1
"httpstcocyqqjltryf","httpstcocyqqjltryf",1
"love","love",1
"confessed","confessed",1
"governments","governments",1
"httpstcoxcaubrxas","httpstcoxcaubrxas",1
"httpstcouglttjimdn","httpstcouglttjimdn",1
"aaron","aaron",1
"fact","fact",1
"four","four",1
"good","good",1
"httpstcooucukfr","httpstcooucukfr",1
"klein","klein",1
"reasons","reasons",1
"requires","requires",1
"tweets<U+0085>","tweets<U+0085>",1
"httpstcoimgoewle","httpstcoimgoewle",1
"contribution","contribution",1
"guardian","guardian",1
"httpstcoqwnesyc","httpstcoqwnesyc",1
"support","support",1
"httpstcocdzdqliyj","httpstcocdzdqliyj",1
"httpstcolpvgreusze","httpstcolpvgreusze",1
"httpstcomiuznpupzo","httpstcomiuznpupzo",1
"conflicting","conflicting",1
"httpstcojwnipqpye","httpstcojwnipqpye",1
"infamously","infamously",1
"misrepresented","misrepresented",1
"offered","offered",1
"<U+0096>schiff","<U+0096>schiff",1
"became","became",1
"dick","dick",1
"httpstcotygrobjqj","httpstcotygrobjqj",1
"senators","senators",1
"sinking","sinking",1
"tricky","tricky",1
"untenable","untenable",1
"httpstcogaoxyaaw","httpstcogaoxyaaw",1
"httpstcohpfvvwqr","httpstcohpfvvwqr",1
"httpstcoxltteiwhb","httpstcoxltteiwhb",1
"topnews","topnews",1
"httpstcoeukveolvs","httpstcoeukveolvs",1
"ba<U+0085>","ba<U+0085>",1
"embroiled","embroiled",1
"httpstcovfylttesn","httpstcovfylttesn",1
"unwittingly","unwittingly",1
"httpstcorrukqlral","httpstcorrukqlral",1
"httpstcoyfscnqwh","httpstcoyfscnqwh",1
"httpstcoolkjyfsib","httpstcoolkjyfsib",1
"httpstcoatnwzwsyw","httpstcoatnwzwsyw",1
"bough<U+0085>","bough<U+0085>",1
"companies","companies",1
"greedy","greedy",1
"httpstconepfekoh","httpstconepfekoh",1
"lng","lng",1
"httpstconcjuiulfq","httpstconcjuiulfq",1
"httpstcocrpobybyr","httpstcocrpobybyr",1
"aid<U+0085>","aid<U+0085>",1
"hostage","hostage",1
"httpstcoakdzvanws","httpstcoakdzvanws",1
"moron","moron",1
"classified","classified",1
"committee<U+0085>","committee<U+0085>",1
"httpstcorbjcvvmqgm","httpstcorbjcvvmqgm",1
"interference","interference",1
"oversight","oversight",1
"reform","reform",1
"slated","slated",1
"httpstcovleztfokvw","httpstcovleztfokvw",1
"misinformation","misinformation",1
"person","person",1
"accordin<U+0085>","accordin<U+0085>",1
"httpstcodwjnkmzpe","httpstcodwjnkmzpe",1
"gtconwayd","gtconwayd",1
"httpstcooeekwlwoy","httpstcooeekwlwoy",1
"whi<U+0085>","whi<U+0085>",1
"zelensky","zelensky",1
"httpstcoegngjni","httpstcoegngjni",1
"httpstcouhmfiik","httpstcouhmfiik",1
"busheydavid","busheydavid",1
"chrismurphyct","chrismurphyct",1
"conspiracy","conspiracy",1
"httpstcobxrlnfdfv","httpstcobxrlnfdfv",1
"willful<U+0085>","willful<U+0085>",1
"community","community",1
"docsprovided","docsprovided",1
"ge<U+0085>","ge<U+0085>",1
"httpstcotfitjfuh","httpstcotfitjfuh",1
"inspector","inspector",1
"leadership","leadership",1
"reviewed","reviewed",1
"httpstcoaquxkjs","httpstcoaquxkjs",1
"httpstcoetzzrdcz","httpstcoetzzrdcz",1
"inv<U+0085>","inv<U+0085>",1
"phony","phony",1
"topic","topic",1
"attorney","attorney",1
"boasted","boasted",1
"discovered<U+0085>","discovered<U+0085>",1
"httpstcofenpqrlz","httpstcofenpqrlz",1
"mark","mark",1
"recently","recently",1
"representing","representing",1
"talk","talk",1
"zaid","zaid",1
"accusers","accusers",1
"confront","confront",1
"httpstcoohgfwuv","httpstcoohgfwuv",1
"least","least",1
"httpstcoadmdoprcg","httpstcoadmdoprcg",1
"remain","remain",1
"unfair","unfair",1
"httpstcopydnxfuel","httpstcopydnxfuel",1
"impeachm<U+0085>","impeachm<U+0085>",1
"namesmindboggling","namesmindboggling",1
"plundering","plundering",1
"top","top",1
"unleashed","unleashed",1
"httpstcosmwzufju","httpstcosmwzufju",1
"dirt<U+0085>","dirt<U+0085>",1
"httpstcolzeynxrdvy","httpstcolzeynxrdvy",1
"joycewhitevance","joycewhitevance",1
"kvempaty","kvempaty",1
"mayawiley","mayawiley",1
"orchestrating","orchestrating",1
"antitrump","antitrump",1
"core","core",1
"httpstcozntwvxvhe","httpstcozntwvxvhe",1
"intersecting","intersecting",1
"networks","networks",1
"operat<U+0085>","operat<U+0085>",1
"personal","personal",1
"professional","professional",1
"running","running",1
"continues","continues",1
"expand<U+0085>","expand<U+0085>",1
"httpstcosfvebcaco","httpstcosfvebcaco",1
"prosecutors","prosecutors",1
"scheme<U+0094>","scheme<U+0094>",1
"httpstcoxdvlhlsdz","httpstcoxdvlhlsdz",1
"cnnpaul<U+0085>","cnnpaul<U+0085>",1
"httpstcosqlcbzfhq","httpstcosqlcbzfhq",1
"httpstcorhambbfenc","httpstcorhambbfenc",1
"httpstcouzdacjds","httpstcouzdacjds",1
"leading","leading",1
"newsletter","newsletter",1
"tonights","tonights",1
"httpstcoyqtqibw","httpstcoyqtqibw",1
"legitimize","legitimize",1
"httpstcochrrj","httpstcochrrj",1
"merit","merit",1
"pushing","pushing",1
"ukrai<U+0085>","ukrai<U+0085>",1
"blacks","blacks",1
"electoral","electoral",1
"flips","flips",1
"headlines","headlines",1
"hispanics","hispanics",1
"httpstcovqheeosw","httpstcovqheeosw",1
"november","november",1
"votes","votes",1
"wins","wins",1
"explains","explains",1
"factual","factual",1
"httpstcopilytvjf","httpstcopilytvjf",1
"omitted","omitted",1
"shift","shift",1
"significant","significant",1
"timeline<U+0094>","timeline<U+0094>",1
"whistleblow<U+0085>","whistleblow<U+0085>",1
"httpstcoznschrrfc","httpstcoznschrrfc",1
"tried","tried",1
"whistlebl<U+0085>","whistlebl<U+0085>",1
"httpstcoosphlrn","httpstcoosphlrn",1
"progressives","progressives",1
"recuse<U+0085>","recuse<U+0085>",1
"refused","refused",1
"undermine","undermine",1
"actors","actors",1
"early","early",1
"exclusive","exclusive",1
"httpstcopurarjykp","httpstcopurarjykp",1
"january","january",1
"suspected","suspected",1
"used","used",1
"committing","committing",1
"httpstcounnysvqua","httpstcounnysvqua",1
"looks","looks",1
"stopped","stopped",1
"follow","follow",1
"httpstcoojxstnzlw","httpstcoojxstnzlw",1
"juliejobro","juliejobro",1
"newgopforusa","newgopforusa",1
"ninacra","ninacra",1
"salesu","salesu",1
"talking<U+0085>","talking<U+0085>",1
"foremost","foremost",1
"gops","gops",1
"httpstcojfncviur","httpstcojfncviur",1
"barackobama","barackobama",1
"glpphenn","glpphenn",1
"hillaryclinton","hillaryclinton",1
"httpstcoewfcnoml","httpstcoewfcnoml",1
"busted","busted",1
"httpstcogpqfvewon","httpstcogpqfvewon",1
"httpstcofjzaogyj","httpstcofjzaogyj",1
"judgejeanine","judgejeanine",1
"leesmithdc","leesmithdc",1
"us<U+0085>","us<U+0085>",1
"httpstcobqsbzv","httpstcobqsbzv",1
"httpstcorqkbetzjuh","httpstcorqkbetzjuh",1
"intell<U+0085>","intell<U+0085>",1
"httpstcocqgyptvht","httpstcocqgyptvht",1
"conversation","conversation",1
"gordon","gordon",1
"httpstcoeavgvc","httpstcoeavgvc",1
"occurred","occurred",1
"httpstcotdkxhtzd","httpstcotdkxhtzd",1
"httpstcozkoybomm","httpstcozkoybomm",1
"thankful","thankful",1
"httpstcowdgnrkoe","httpstcowdgnrkoe",1
"httpstcoqwdflpnlk","httpstcoqwdflpnlk",1
"ab<U+0085>","ab<U+0085>",1
"httpstcomnzbekguy","httpstcomnzbekguy",1
"official","official",1
"gonna","gonna",1
"httpstcokackcnxi","httpstcokackcnxi",1
"schiffwhistle<U+0085>","schiffwhistle<U+0085>",1
"httpstcouyuswodl","httpstcouyuswodl",1
"jakesherman","jakesherman",1
"claus","claus",1
"httpstcozrrnddrdy","httpstcozrrnddrdy",1
"vixen<U+0085>","vixen<U+0085>",1
"barack","barack",1
"hands","hands",1
"httpstcozhihsqnqft","httpstcozhihsqnqft",1
"obamas","obamas",1
"witchhunt","witchhunt",1
"yes","yes",1
"chatbycc","chatbycc",1
"httpstcooarnnpbb","httpstcooarnnpbb",1
"jcroberts","jcroberts",1
"maalox","maalox",1
"momforthefuture","momforthefuture",1
"realdonaldtrump<U+0085>","realdonaldtrump<U+0085>",1
"rockinwendi","rockinwendi",1
"runjep","runjep",1
"thevonjeff","thevonjeff",1
"bigbabyjesus","bigbabyjesus",1
"halfbaked","halfbaked",1
"httpstcofjmcwcoqjj","httpstcofjmcwcoqjj",1
"saracarterdc","saracarterdc",1
"tr<U+0085>","tr<U+0085>",1
"whistleblowergate","whistleblowergate",1
"allowed","allowed",1
"created","created",1
"httpstconriewsxbd","httpstconriewsxbd",1
"kate<U+0085>","kate<U+0085>",1
"scam","scam",1
"conflict","conflict",1
"grow","grow",1
"httpstcottwgqoeqyf","httpstcottwgqoeqyf",1
"interest","interest",1
"judicialwatch","judicialwatch",1
"nancypelosis","nancypelosis",1
"potential","potential",1
"reveal","reveal",1
"troubles","troubles",1
"getting","getting",1
"httpstcorngtmhon","httpstcorngtmhon",1
"wouldn<U+0092>t","wouldn<U+0092>t",1
"dncclinto<U+0085>","dncclinto<U+0085>",1
"httpstcojakdfxsin","httpstcojakdfxsin",1
"schiffwhistleblower","schiffwhistleblower",1
"davidhemond","davidhemond",1
"defacto","defacto",1
"followed","followed",1
"httpstcomvableqhy","httpstcomvableqhy",1
"problem","problem",1
"sparked<U+0085>","sparked<U+0085>",1
"sueg","sueg",1
"httpstcoyoomjzb","httpstcoyoomjzb",1
"httpstcouohbvqfav","httpstcouohbvqfav",1
"away","away",1
"democracy","democracy",1
"dickssportinggoods","dickssportinggoods",1
"httpstcozbfgei","httpstcozbfgei",1
"slithering","slithering",1
"start","start",1
"httpstcoiurvfbx","httpstcoiurvfbx",1
"idiots","idiots",1
"played","played",1
"eisenberg","eisenberg",1
"heari<U+0085>","heari<U+0085>",1
"httpstcoduqgfbjsg","httpstcoduqgfbjsg",1
"john","john",1
"lawyer","lawyer",1
"testified","testified",1
"august<U+0097>","august<U+0097>",1
"httpstcoqmncgfzqt","httpstcoqmncgfzqt",1
"late","late",1
"httpstcowjrpihs","httpstcowjrpihs",1
"onpointradio","onpointradio",1
"attacks","attacks",1
"bogus","bogus",1
"false","false",1
"httpstcogcokteyzt","httpstcogcokteyzt",1
"leak<U+0085>","leak<U+0085>",1
"press","press",1
"tapping","tapping",1
"wire","wire",1
"burismacorrupt","burismacorrupt",1
"faces","faces",1
"httpstcorjuqnasp","httpstcorjuqnasp",1
"investigate","investigate",1
"zelesky","zelesky",1
"era","era",1
"forgotten","forgotten",1
"httpstcorwtkprwse","httpstcorwtkprwse",1
"redstarradio","redstarradio",1
"whistleblowercia","whistleblowercia",1
"bad","bad",1
"debatesamseder","debatesamseder",1
"httpstcoxbtiilje","httpstcoxbtiilje",1
"realcandaceo","realcandaceo",1
"rhondagarcia","rhondagarcia",1
"terencewilson","terencewilson",1
"httpstcomccbesgjq","httpstcomccbesgjq",1
"clearly","clearly",1
"drums","drums",1
"happ<U+0085>","happ<U+0085>",1
"httpstcoqdztykxud","httpstcoqdztykxud",1
"iran","iran",1
"preparing","preparing",1
"usa","usa",1
"caused","caused",1
"httpstcoqpewazlau","httpstcoqpewazlau",1
"httpstcollucvmhu","httpstcollucvmhu",1
"longer","longer",1
"dmregister","dmregister",1
"httpstcoogelqlor","httpstcoogelqlor",1
"httpstcodfuryqpu","httpstcodfuryqpu",1
"httpstcodxxqbbdjtr","httpstcodxxqbbdjtr",1
"started","started",1
"ye<U+0085>","ye<U+0085>",1
"guessing","guessing",1
"httpstcovvwdoixs","httpstcovvwdoixs",1
"iowa","iowa",1
"mygimme","mygimme",1
"place<U+0085>","place<U+0085>",1
"shaky","shaky",1
"burismabacked","burismabacked",1
"burisma<U+0085>","burisma<U+0085>",1
"httpstcokbmgiypa","httpstcokbmgiypa",1
"httpstconybk","httpstconybk",1
"tank","tank",1
"tcot","tcot",1
"tied","tied",1
"httpstcosnikghbo","httpstcosnikghbo",1
"impea<U+0085>","impea<U+0085>",1
"presidential","presidential",1
"promise","promise",1
"altered","altered",1
"forms","forms",1
"happens","happens",1
"httpstcothwildtv","httpstcothwildtv",1
"icig","icig",1
"wife","wife",1
"httpstcochefwlyj","httpstcochefwlyj",1
"httpstcofjywdpw","httpstcofjywdpw",1
"httpstcobdxerlpja","httpstcobdxerlpja",1
"httpstcowqizpupvs","httpstcowqizpupvs",1
"httpstcowkhdpbzdzz","httpstcowkhdpbzdzz",1
"attacking","attacking",1
"comrade","comrade",1
"httpstcogxgqdfahha","httpstcogxgqdfahha",1
"vlad","vlad",1
"httpstcopyyrysnfic","httpstcopyyrysnfic",1
"jackbeattynpr","jackbeattynpr",1
"join","join",1
"reporters","reporters",1
"baby","baby",1
"can<U+0092>t","can<U+0092>t",1
"fire","fire",1
"httpstcowdnsneby","httpstcowdnsneby",1
"newsflash","newsflash",1
"tantrum","tantrum",1
"throwing","throwing",1
"toddlerinchief","toddlerinchief",1
"abuseofpower","abuseofpower",1
"enou<U+0085>","enou<U+0085>",1
"httpstcolgzjxv","httpstcolgzjxv",1
"long","long",1
"outraged","outraged",1
"wethepeople","wethepeople",1
"definitely","definitely",1
"httpstcotywoaoqfm","httpstcotywoaoqfm",1
"works","works",1
"httpstcoxrztbavg","httpstcoxrztbavg",1
"serving","serving",1
"httpstcocvqdmww","httpstcocvqdmww",1
"race","race",1
"today<U+0085>","today<U+0085>",1
"aggrieved","aggrieved",1
"dem","dem",1
"disa<U+0085>","disa<U+0085>",1
"gov","gov",1
"httpstconxecnaig","httpstconxecnaig",1
"paraded","paraded",1
"triggered","triggered",1
"wks","wks",1
"httpstcoubsgasco","httpstcoubsgasco",1
"hate","hate",1
"httpstcozlecxsehx","httpstcozlecxsehx",1
"lyingadamschiff<U+0085>","lyingadamschiff<U+0085>",1
"puppets","puppets",1
"rickwtyler","rickwtyler",1
"usual","usual",1
"httpstcolbirkpwxw","httpstcolbirkpwxw",1
"slate","slate",1
"httpstcozlyloep","httpstcozlyloep",1
"actual","actual",1
"details","details",1
"httpstcoonetbveapt","httpstcoonetbveapt",1
"launched<U+0085>","launched<U+0085>",1
"ukraine<U+0092>s","ukraine<U+0092>s",1
"anything","anything",1
"couldn<U+0092>t","couldn<U+0092>t",1
"done","done",1
"httpstcohjoaqfj","httpstcohjoaqfj",1
"pillars","pillars",1
"critical","critical",1
"httpstcofugxskd","httpstcofugxskd",1
"invest<U+0085>","invest<U+0085>",1
"points","points",1
"scrutiny","scrutiny",1
"shed","shed",1
"httpstcojaxnxvlub","httpstcojaxnxvlub",1
"incredulous","incredulous",1
"innocence","innocence",1
"looked","looked",1
"night","night",1
"presidents","presidents",1
"tuesday","tuesday",1
"age","age",1
"asserted","asserted",1
"coming","coming",1
"httpstcovgvljzpqu","httpstcovgvljzpqu",1
"proposed","proposed",1
"truths","truths",1
"damage","damage",1
"gtgt","gtgt",1
"httpstcodcdpzveuc","httpstcodcdpzveuc",1
"layers","layers",1
"leakerwhistleblower","leakerwhistleblower",1
"onion","onion",1
"blanchebullshit","blanchebullshit",1
"httpstconnccnawq","httpstconnccnawq",1
"keen","keen",1
"oil","oil",1
"sever<U+0085>","sever<U+0085>",1
"hell","hell",1
"httpstcovfntldlixz","httpstcovfntldlixz",1
"washington","washington",1
"httpstcopyrofsq","httpstcopyrofsq",1
"httpstcochrqsnrmh","httpstcochrqsnrmh",1
"scared","scared",1
"supposed","supposed",1
"httpstcobwzrvctye","httpstcobwzrvctye",1
"httpstcosrufeu","httpstcosrufeu",1
"httpstcoozffxkjh","httpstcoozffxkjh",1
"information","information",1
"push","push",1
"rests","rests",1
"socalled","socalled",1
"httpstcowhixgep","httpstcowhixgep",1
"lol","lol",1
"mediaufufuf","mediaufufuf",1
"planet","planet",1
"httpstcojmvdiwohge","httpstcojmvdiwohge",1
"dea<U+0085>","dea<U+0085>",1
"fun","fun",1
"httpstcohktafiskv","httpstcohktafiskv",1
"population","population",1
"tell","tell",1
"third","third",1
"fbr","fbr",1
"fbrparty","fbrparty",1
"httpstcoiktqpaket","httpstcoiktqpaket",1
"trump<U+0085>","trump<U+0085>",1
"annableigh","annableigh",1
"drsmdhdaily","drsmdhdaily",1
"httpstcobmcyfqy","httpstcobmcyfqy",1
"misssimone","misssimone",1
"quidrises","quidrises",1
"taracam","taracam",1
"tomag","tomag",1
"tourguidej","tourguidej",1
"zaharias<U+0085>","zaharias<U+0085>",1
"httpstcoixbbhyswau","httpstcoixbbhyswau",1
"thre<U+0085>","thre<U+0085>",1
"fraude","fraude",1
"happy","happy",1
"httpstcojdvduhvfm","httpstcojdvduhvfm",1
"impeach<U+0085>","impeach<U+0085>",1
"liarinchief","liarinchief",1
"httpstcofsbrjig","httpstcofsbrjig",1
"httpstcoxnvnoaggn","httpstcoxnvnoaggn",1
"comment","comment",1
"deplorable","deplorable",1
"desperate","desperate",1
"die","die",1
"extremely<U+0085>","extremely<U+0085>",1
"hard","hard",1
"httpstcovrcwlaaapc","httpstcovrcwlaaapc",1
"kind","kind",1
"king","king",1
"makes","makes",1
"pandering","pandering",1
"wanna","wanna",1
"ahole","ahole",1
"drag","drag",1
"earlofenough","earlofenough",1
"httpstcopkvhvn","httpstcopkvhvn",1
"reputation","reputation",1
"approved","approved",1
"congressionally","congressionally",1
"httpstcomhybtjku","httpstcomhybtjku",1
"repmarkmeadows","repmarkmeadows",1
"whistleblowe<U+0085>","whistleblowe<U+0085>",1
"commits","commits",1
"httpstcoadafmhmsv","httpstcoadafmhmsv",1
"past","past",1
"treason","treason",1
"way","way",1
"httpstcodljkdizwf","httpstcodljkdizwf",1
"following","following",1
"holes","holes",1
"httpstcoepclykf","httpstcoepclykf",1
"narrative","narrative",1
"recent","recent",1
"httpstcofgjmvgpoli","httpstcofgjmvgpoli",1
"disgusting","disgusting",1
"httpstcosdalpnozm","httpstcosdalpnozm",1
"pathetic","pathetic",1
"totally","totally",1
"claiming","claiming",1
"cop","cop",1
"didn<U+0092>t","didn<U+0092>t",1
"httpstcomrfsudla","httpstcomrfsudla",1
"progress","progress",1
"robber","robber",1
"robbery","robbery",1
"stopping","stopping",1
"httpstcojxetainv","httpstcojxetainv",1
"httpstcoiszbjdtk","httpstcoiszbjdtk",1
"bryandeanwright","bryandeanwright",1
"httpstcovudngzjxg","httpstcovudngzjxg",1
"kovfefe","kovfefe",1
"httpstcoufvuzutui","httpstcoufvuzutui",1
"defence","defence",1
"httpstcoctuqvugtk","httpstcoctuqvugtk",1
"world","world",1
"goldendawnald","goldendawnald",1
"httpstcoxmmwolqxl","httpstcoxmmwolqxl",1
"httpstcoxdfociof","httpstcoxdfociof",1
"httpstcoibzzrrvp","httpstcoibzzrrvp",1
"white<U+0085>","white<U+0085>",1
"blatant","blatant",1
"concern","concern",1
"httpstcopaekrnwfi","httpstcopaekrnwfi",1
"withhold","withhold",1
"httpstcoyauhtxeq","httpstcoyauhtxeq",1
"httpstcokoyuiymrj","httpstcokoyuiymrj",1
"httpstcoxacexarxk","httpstcoxacexarxk",1
